topic,score,username
3,1744.6182308197021,Tommy
4,1350.871260881424,iwrjgirwg
3,1745.9397821426392,Thomaso
3,1746.0340321063995,Thomaso
5,448.3758158683777,Thomaso
