topic,score,username
3,1445.3415381908417,hsdhz
1,1300,thntshh
4,1148.5069670677185,Tommy
3,1445.605574131012,djhetjh
