topic,score,username
4,2146.217743873596,Tommmmy
2,775.486466884613,tommmmmmy
