topic,score,username
3,1447.5495092868805,dhdhdsr
1,1747.1474030017853,tommmmmy
1,1739.1914730072021,tgcjfhk
