topic,score,username
3,1744.6182308197021,Tommy
4,1350.871260881424,iwrjgirwg
