topic,score
5,2440.3178012371063
2,772.5588011741638
3,4299.753629922867
1,1093.2287480831146
1,1210.9305980205536
2,1670.555500984192
1,2422.2380633354187
1,1735.5599901676178
4,1080.4012260437012
1,1724.2075459957123
1,1446.574518918991
