topic,score
5,1143.89554977417
1,1741.3605439662933
1,447.2022159099579
5,1147.5984692573547
1,1094.6740040779114
1,1433.1640272140503
1,746.5575370788574
5,1146.6284201145172
1,1094.4313480854034
4,1147.5732281208038
2,1081.4409627914429
1,443.3780732154846
4,1145.3939356803894
5,148.62111401557922
