topic,score,username
4,145.93626308441162,Tommy
5,1742.2787067890167,drxhds
