topic,score
1,1147.7835290431976
4,1147.80437707901
1,1147.5246331691742
2,2146.4903481006622
5,1147.3215129375458
1,5129.189443826675
1,1139.8127920627594
