topic,score,username
4,148.71307182312012,Tommy
4,148.95748090744019,Tommy
