topic,score
1,1147.7835290431976
4,1147.80437707901
