topic,score,username
2,1725.865552663803,Thomaso
2,1075.5754251480103,rsgrehge
